No, TERBITAN DAN PENGELOLA	, ID, REGISTRASI, BERKAS, VERIFIKASI, PEMBAYARAN, SK ISSN, NO.ISSN 
1.,Jurnal Scientax (Direktorat Jenderal Pajak),  1571018039  ,  14/10/19  ,  Uncheck  ,  Uncheck  ,  Uncheck  ,  Uncheck  ,  Uncheck  ,
2.,Bulletin of Applied Animal Research (LP2M Universitas Perjuangan Tasikmalaya),  1571014484  ,  14/10/19  ,  Check  ,  Uncheck  ,  Uncheck  ,  Uncheck  ,  Uncheck  ,
3.,Jurnal Wahana Pendidikan (FKIP-Universitas Galuh),  1571005932  ,  14/10/19  ,  Uncheck  ,  Uncheck  ,  Uncheck  ,  Uncheck  ,  Uncheck  ,
4.,JURNAL ILMIAH : OPERA PENDIDIKAN (FAKULTAS KEGURUAN DAN ILMU PENDIDIKAN UDN MAGETAN),  1570986682  ,  14/10/19  ,  Check  ,  Uncheck  ,  Uncheck  ,  Uncheck  ,  Uncheck  ,
5.,DIDACTICA MAGNA (JURNAL PENDIDIKAN) (LPPM UDN Magetan),  1570985235  ,  13/10/19  ,  Check  ,  Uncheck  ,  Uncheck  ,  Uncheck  ,  Uncheck  ,
6.,JURNAL PENDIDIKAN  (Prodi PGSD FKIP UDN Magetan),  1570983062  ,  13/10/19  ,  Check  ,  Uncheck  ,  Uncheck  ,  Uncheck  ,  Uncheck  ,
7.,MAJALAH GALAXY MATSANEGA - VOL.6 NO.2/APRIL/2019  (MTsN Negeri 3 Mojokerto),  1570954876  ,  13/10/19  ,  Uncheck  ,  Uncheck  ,  Uncheck  ,  Uncheck  ,  Uncheck  ,
8.,Jurnal Iftitah (Program Studi PIAUD STAIS Dharma),  1570954864  ,  13/10/19  ,  Uncheck  ,  Uncheck  ,  Uncheck  ,  Uncheck  ,  Uncheck  ,
9.,JURNAL BINA ADMINISTRASI (STIA BANDUNG),  1570918492  ,  13/10/19  ,  Check  ,  Uncheck  ,  Uncheck  ,  Uncheck  ,  Uncheck  ,
10.,Jurnal pengabdian masyarakat PAKEM (LPPM STIE Totalwin),  1570895942  ,  12/10/19  ,  Uncheck  ,  Uncheck  ,  Uncheck  ,  Uncheck  ,  Uncheck  ,
11.,Edu Masda Journal (STIKes Kharisma Persada),  1570889893  ,  12/10/19  ,  Check  ,  Uncheck  ,  Uncheck  ,  Uncheck  ,  Uncheck  ,
12.,Jurnal Wulang (Program Studi PGMI STAIS Dharma),  1570888879  ,  12/10/19  ,  Check  ,  Uncheck  ,  Uncheck  ,  Uncheck  ,  Uncheck  ,
13.,Jurnal Strategi Desain &amp; Inovasi Sosial (Fakultas Desain Universitas Pelita Harapan),  1570885264  ,  12/10/19  ,  Uncheck  ,  Uncheck  ,  Uncheck  ,  Uncheck  ,  Uncheck  ,
14.,Jurnal Strategi Desain &amp; Inovasi Sosial (Fakultas Desain Universitas Pelita Harapan),  1570883393  ,  12/10/19  ,  Uncheck  ,  Uncheck  ,  Uncheck  ,  Uncheck  ,  Uncheck  ,
15.,CHILDHOOD EDUCATION: Jurnal Pendidikan Islam Anak Usia Dini (Jurusan Pendidikan Islam Anak Usia Dini Fakultas Tarbiyah IAI Al-Qodiri Jember),  1570872866  ,  12/10/19  ,  Check  ,  Uncheck  ,  Uncheck  ,  Uncheck  ,  Uncheck  ,
16.,LAN TABUR: Jurnal Ekonomi Syari'ah (Jurusan Ekonomi Syari'ah Fakultas Ekonomi Institut Agama Islam Al-Qodiri Jember),  1570867046  ,  12/10/19  ,  Uncheck  ,  Uncheck  ,  Uncheck  ,  Uncheck  ,  Uncheck  ,
17.,LISAN AN NATHIQ: Jurnal Bahasa dan Pendidikan Bahasa Arab (Jurusan Pendidikan Bahasa Arab Fakultas Tarbiyah Institut Agama Islam Al-Qodiri Jember),  1570865146  ,  12/10/19  ,  Uncheck  ,  Uncheck  ,  Uncheck  ,  Uncheck  ,  Uncheck  ,
18.,Jurnal PAPEDA (Publikasi Pendidikan Dasar) (Universitas Pendidikan Muhammadiyah Sorong),  1570859939  ,  12/10/19  ,  Check  ,  Uncheck  ,  Uncheck  ,  Uncheck  ,  Uncheck  ,
19.,Proceeding The First International Conference on Social Sciences (ICoSS) (Persaudaraan Dosen Republik Indonesia),  1570859760  ,  12/10/19  ,  Uncheck  ,  Uncheck  ,  Uncheck  ,  Uncheck  ,  Uncheck  ,
20.,Abdi Humaniora: Jurnal Pengabdian bidang Humaniora (Pusat Kajian Humaniora FBS Universitas Negeri Padang),  1570856640  ,  12/10/19  ,  Uncheck  ,  Uncheck  ,  Uncheck  ,  Uncheck  ,  Uncheck  ,
21.,Proceeding The First International Conference on Social Sciences (ICoSS) (Persaudaraan Dosen Republik Indonesia (PDRI)),  1570851458  ,  12/10/19  ,  Uncheck  ,  Uncheck  ,  Uncheck  ,  Uncheck  ,  Uncheck  ,
22.,J-SIKA (Jurnal Sistem Informasi Karya Anak bangsa) (Program Studi Sistem Informasi),  1570847929  ,  12/10/19  ,  Uncheck  ,  Uncheck  ,  Uncheck  ,  Uncheck  ,  Uncheck  ,
23.,Produk Domestik Regional Bruto Kabupaten Lampung Selatan  Menurut Lapangan Usaha 2014-2018  (BPS Kabupaten Lampung Selatan),  1570813662  ,  12/10/19  ,  Check  ,  Uncheck  ,  Uncheck  ,  Uncheck  ,  Uncheck  ,
24.,Produk Domestik Regional Bruto Kota Bandar Lampung Menurut Lapangan Usaha 2014-2018 (BPS Kota Bandar Lampung),  1570813062  ,  11/10/19  ,  Check  ,  Uncheck  ,  Uncheck  ,  Uncheck  ,  Uncheck  ,
25.,Produk Domestik Regional Bruto Kota Metro Menurut Lapangan Usaha 2014-2018 (BPS Kota Metro),  1570812500  ,  11/10/19  ,  Check  ,  Uncheck  ,  Uncheck  ,  Uncheck  ,  Uncheck  ,
26.,Direktori Perusahaan Konstruksi Provinsi Lampung 2018  (BPS Provinsi Lampung),  1570810959  ,  11/10/19  ,  Check  ,  Uncheck  ,  Uncheck  ,  Uncheck  ,  Uncheck  ,
27., Dedikasi: Jurnal Pengabdian kepada Masyarakat (Bidang PendidikanTinggi  Penelitian  dan Pengembangan Yayasan Hamjah Diha),  1570808060  ,  11/10/19  ,  Uncheck  ,  Uncheck  ,  Uncheck  ,  Uncheck  ,  Uncheck  ,
28., JPMP : Jurnal Pendidikan dan Media Pembelajar (Bidang PendidikanTinggi  Penelitian  dan Pengembangan Yayasan Hamjah Diha),  1570807682  ,  11/10/19  ,  Uncheck  ,  Uncheck  ,  Uncheck  ,  Uncheck  ,  Uncheck  ,
29.,PENA: Jurnal Pendidikan Bahasa  Sastra dan Pengajaran (Bidang PendidikanTinggi  Penelitian  dan Pengembangan Yayasan Hamjah Diha),  1570806737  ,  11/10/19  ,  Uncheck  ,  Uncheck  ,  Uncheck  ,  Uncheck  ,  Uncheck  ,
30.,STATISTIK HARGA PRODUSEN PERTANIAN PROVINSI LAMPUNG (SUBSEKTOR TANAMAN PANGAN  HORTIKULTURA  TANAMAN PERKEBUNAN RAKYAT  PETERNAKAN  DAN PERIKANAN) 2018 (BPS Provinsi Lampung),  1570794681  ,  11/10/19  ,  Check  ,  Uncheck  ,  Uncheck  ,  Uncheck  ,  Uncheck  ,
31.,PRODUK DOMESTIK REGIONAL BRUTO KABUPATEN KEPULAUAN SERIBU MENURUT PENGELUARAN 2014-2018 (BPS PROVINSI DKI JAKARTA),  1570793850  ,  11/10/19  ,  Uncheck  ,  Uncheck  ,  Uncheck  ,  Uncheck  ,  Uncheck  ,
32.,KATALOG PUBLIKASI BPS PROVINSI LAMPUNG 2018 (BPS Provinsi Lampung),  1570791866  ,  11/10/19  ,  Check  ,  Uncheck  ,  Uncheck  ,  Uncheck  ,  Uncheck  ,
33.,Provinsi Sumatera Selatan Dalam Infografis 2016/2017 (BPS Provinsi Sumatera Selatan),  1570784587  ,  11/10/19  ,  Check  ,  Uncheck  ,  Uncheck  ,  Uncheck  ,  Uncheck  ,
34.,Ringkasan Metadata Kegiatan Statistik Sektoral dan Khusus Provinsi Sumatera Selatan 2018 (BPS Provinsi Sumatera Selatan),  1570781780  ,  11/10/19  ,  Check  ,  Uncheck  ,  Uncheck  ,  Uncheck  ,  Uncheck  ,
35.,Journal of Economic and Business (Fakultas Ekonomi Universitas HKBP Nommensen),  1570780056  ,  11/10/19  ,  Check  ,  Uncheck  ,  Uncheck  ,  Uncheck  ,  Uncheck  ,
36.,JTRM (JURNAL TEKNOLOGI DAN REKAYASA MANUFAKTUR) (Politeknik Manufaktur Bandung (Polman Bandung)),  1570779979  ,  11/10/19  ,  Uncheck  ,  Uncheck  ,  Uncheck  ,  Uncheck  ,  Uncheck  ,
37.,Coping : Community of Publishing in Nursing (Program Studi Ilmu Keperawatan  Fakultas Kedokteran  Universitas Udayana  ),  1570776478  ,  11/10/19  ,  Check  ,  Uncheck  ,  Uncheck  ,  Uncheck  ,  Uncheck  ,
38.,Journal of Economic and Business (Fakultas Ekonomi Universitas HKBP Nommensen),  1570774496  ,  11/10/19  ,  Check  ,  Uncheck  ,  Uncheck  ,  Uncheck  ,  Uncheck  ,
39.,Indonesian Journal of Accounting and Governance (IJAG) (Program Studi Akuntansi  Universitas Agung Podomoro),  1570770386  ,  11/10/19  ,  Check  ,  Uncheck  ,  Uncheck  ,  Uncheck  ,  Uncheck  ,
40.,Journal of Community Engagement (Sekolah Tinggi Manajemen IPMI),  1570766778  ,  11/10/19  ,  Check  ,  Uncheck  ,  Uncheck  ,  Uncheck  ,  Uncheck  ,
41.,Kecamatan Dalam Angka  (BPS Kabupaten Blitar),  1570764275  ,  11/10/19  ,  Uncheck  ,  Uncheck  ,  Uncheck  ,  Uncheck  ,  Uncheck  ,
42.,Power Elektronik : Jurnal Orang Elektro (Politeknik Harapan Bersama Tegal),  1570763639  ,  11/10/19  ,  Check  ,  Uncheck  ,  Uncheck  ,  Uncheck  ,  Uncheck  ,
43.,Katalog Publikasi BPS Provinsi Sumatera Selatan 2017 (BPS Provinsi Sumatera Selatan),  1570762576  ,  11/10/19  ,  Check  ,  Uncheck  ,  Uncheck  ,  Uncheck  ,  Uncheck  ,
44.,Statistik Kesejahteraan Rakyat Kota Tebing Tinggi (Badan Pusat Statistik Kota Tebing Tinggi),  1570762131  ,  11/10/19  ,  Check  ,  Uncheck  ,  Uncheck  ,  Uncheck  ,  Uncheck  ,
45.,Majalah Laskar (SMP Negeri 1 Karanggeneng),  1570762040  ,  11/10/19  ,  Uncheck  ,  Uncheck  ,  Uncheck  ,  Uncheck  ,  Uncheck  ,
46.,Majalah Ilmiah BPSDMD Provinsi Kalimantan Selatan (Badan Pengembangan Sumber Daya Manusia Daerah Provinsi Kalimantan Selatan),  1570761542  ,  11/10/19  ,  Check  ,  Uncheck  ,  Uncheck  ,  Uncheck  ,  Uncheck  ,
47.,Journal Research Management And Business (JRAMBI) (Sekolah Tinggi Ilmu Ekonomi (STIE)  Indonesia Makassar),  1570761519  ,  11/10/19  ,  Uncheck  ,  Uncheck  ,  Uncheck  ,  Uncheck  ,  Uncheck  ,
48.,Jurnal Psikiatri Surabaya (Departemen Ilmu Kedokteran Jiwa Fakultas Kedokteran Universitas Airlangga),  1570760355  ,  11/10/19  ,  Check  ,  Uncheck  ,  Uncheck  ,  Uncheck  ,  Uncheck  ,
49.,Kecamatan Bajenis Dalam Angka (Badan Pusat Statistik Kota Tebing Tinggi),  1570759154  ,  11/10/19  ,  Check  ,  Uncheck  ,  Uncheck  ,  Uncheck  ,  Uncheck  ,
50.,Direktori Perusahaan Konstruksi Provinsi Sulawesi Tenggara (Badan Pusat Statistik Provinsi Sulawesi Tenggara),  1570756519  ,  11/10/19  ,  Uncheck  ,  Uncheck  ,  Uncheck  ,  Uncheck  ,  Uncheck  ,
51.,Direktori Industri Besar Sedang Provinsi Sulawesi Tenggara (Badan Pusat Statistik Provinsi Sulawesi Tenggara),  1570754895  ,  11/10/19  ,  Uncheck  ,  Uncheck  ,  Uncheck  ,  Uncheck  ,  Uncheck  ,
52.,Jurnal Tahdis (Program Studi Ilmu Hadis  Fakultas Ushuluddin dan Filsafat UIN Alauddin Makassar),  1570754063  ,  11/10/19  ,  Check  ,  Uncheck  ,  Uncheck  ,  Uncheck  ,  Uncheck  ,
53.,Jurnal Tahdis (Program Studi Ilmu Hadis  Fakultas Ushuluddin dan Filsafat UIN Alauddin Makassar),  1570753047  ,  11/10/19  ,  Check  ,  Uncheck  ,  Uncheck  ,  Uncheck  ,  Uncheck  ,
54.,Jurnal Rekayasa Industri (JRI) (Program Studi Teknik Industri Universitas Widya Mataram Yogyakarta),  1570707443  ,  10/10/19  ,  Check  ,  Uncheck  ,  Uncheck  ,  Uncheck  ,  Uncheck  ,
55.,Jurnal Rekayasa Industri (JRI) (Program Studi Teknik Industri Universitas Widya Mataram Yogyakarta),  1570706232  ,  10/10/19  ,  Check  ,  Uncheck  ,  Uncheck  ,  Uncheck  ,  Uncheck  ,
56.,LèKTORAS (Ikatan Dosen RI (IDRI) Provinsi Banten),  1570700736  ,  10/10/19  ,  Check  ,  Uncheck  ,  Uncheck  ,  Uncheck  ,  Uncheck  ,
57.,Service Management Triangle: Jurnal Manajemen Jasa (Program Magister Manajemen Universitas BSI),  1570698445  ,  10/10/19  ,  Check  ,  Uncheck  ,  Uncheck  ,  Uncheck  ,  Uncheck  ,
58.,Journal MELT (Medium for English Language Teaching) (Universitas Potensi Utama),  1570698271  ,  10/10/19  ,  Check  ,  Uncheck  ,  Uncheck  ,  Uncheck  ,  Uncheck  ,
59.,Jurnal Kognisi (Universitas Potensi Utama ),  1570697475  ,  10/10/19  ,  Check  ,  Uncheck  ,  Uncheck  ,  Uncheck  ,  Uncheck  ,
60.,Jurnal iSmartEdu (Jurusan Pendidikan Teknologi Informasi dan Komunikasi Fakultas Teknik Universitas Negeri Manado),  1570696965  ,  10/10/19  ,  Uncheck  ,  Uncheck  ,  Uncheck  ,  Uncheck  ,  Uncheck  ,
61.,Proporsi (Universitas Potensi Utama),  1570696041  ,  10/10/19  ,  Check  ,  Uncheck  ,  Uncheck  ,  Uncheck  ,  Uncheck  ,
62.,Jurnal Ilmu Ilmiah Administrasi  (Universitas Islam Syekh-Yusuf),  1570696012  ,  10/10/19  ,  Uncheck  ,  Uncheck  ,  Uncheck  ,  Uncheck  ,  Uncheck  ,
63.,MESA (Fakultas Teknik Universitas Subang),  1570693576  ,  10/10/19  ,  Check  ,  Uncheck  ,  Uncheck  ,  Uncheck  ,  Uncheck  ,
64.,OMPO Journal Research of Management And Business (OMJRAMBI)  (Sekolah Tinggi Ilmu Ekonomi (STIE)  Indonesia Makassar),  1570690684  ,  10/10/19  ,  Uncheck  ,  Uncheck  ,  Uncheck  ,  Uncheck  ,  Uncheck  ,
65.,IT (Informatic Technique) Journal  (Universitas Potensi Utama),  1570690237  ,  10/10/19  ,  Check  ,  Uncheck  ,  Uncheck  ,  Uncheck  ,  Uncheck  ,
66.,Jurnal Keluarga BERUGA KENCANA Perwakilan BKKBN Provinsi NTB (Perwakilan BKKBN Provinsi NTB),  1570689405  ,  10/10/19  ,  Check  ,  Uncheck  ,  Uncheck  ,  Uncheck  ,  Uncheck  ,
67.,INDONESIAN MINING PROFESSIONALS JOURNAL (PERHAPI),  1570686534  ,  10/10/19  ,  Check  ,  Uncheck  ,  Uncheck  ,  Uncheck  ,  Uncheck  ,
68.,Expert : Jurnal Sistem Informasi  (Pusat Studi Teknologi Informasi  fakultas Ilmu Komputer  Universitas Bandar Lampung),  1570684846  ,  10/10/19  ,  Uncheck  ,  Uncheck  ,  Uncheck  ,  Uncheck  ,  Uncheck  ,
69.,SCHOLASTICA (LP3M STITNU Al Hikmah Mojokerto),  1570684149  ,  10/10/19  ,  Check  ,  Uncheck  ,  Uncheck  ,  Uncheck  ,  Uncheck  ,
70.,Jurnal Power in International Relations (PIR) (LPPM Universitas Potensi Utama ),  1570683283  ,  10/10/19  ,  Check  ,  Uncheck  ,  Uncheck  ,  Uncheck  ,  Uncheck  ,
71.,Refleksi (Fakultas Ushuluddin UIN Syarif Hidayatullah Jakarta),  1570681537  ,  10/10/19  ,  Uncheck  ,  Uncheck  ,  Uncheck  ,  Uncheck  ,  Uncheck  ,
72.,Jurnal Abdimas Berdaya : Jurnal Pembelajaran  Pemberdayaan dan Pengabdian Masyarakat (Litbang Pemas Universitas Islam Lamongan ),  1570681405  ,  10/10/19  ,  Uncheck  ,  Uncheck  ,  Uncheck  ,  Uncheck  ,  Uncheck  ,
73.,Jurnal Tugas Akhir Teknik Kimia (Program Studi Teknik Kimia Fakultas Teknik Universitas Lambung Mangkurat),  1570680455  ,  10/10/19  ,  Uncheck  ,  Uncheck  ,  Uncheck  ,  Uncheck  ,  Uncheck  ,
74.,Statistik Kesejahteraan Rakyat Kabupaten Tana Tidung (Badan Pusat Statistik Kabupaten Tana Tidung),  1570679815  ,  10/10/19  ,  Check  ,  Uncheck  ,  Uncheck  ,  Uncheck  ,  Uncheck  ,
75.,Kecamatan Tana Lia Dalam Angka (Badan Pusat Statistik Kabupaten Tana Tidung),  1570679449  ,  10/10/19  ,  Check  ,  Uncheck  ,  Uncheck  ,  Uncheck  ,  Uncheck  ,
76.,Kecamatan Sesayap Hilir Dalam Angka (Badan Pusat Statistik Kabupaten Tana Tidung),  1570679035  ,  10/10/19  ,  Check  ,  Uncheck  ,  Uncheck  ,  Uncheck  ,  Uncheck  ,
77.,Kecamatan Betayau Dalam Angka (Badan Pusat Statistik Kabupaten Tana Tidung),  1570678548  ,  10/10/19  ,  Check  ,  Uncheck  ,  Uncheck  ,  Uncheck  ,  Uncheck  ,
78.,Kecamatan Muruk Rian Dalam Angka (Badan Pusat Statistik Kabupaten Tana Tidung),  1570678112  ,  10/10/19  ,  Check  ,  Uncheck  ,  Uncheck  ,  Uncheck  ,  Uncheck  ,
79.,Produk Domestik Regional Bruto Kabupaten Tana Tidung Menurut Pengeluaran (Badan Pusat Statistik Kabupaten Tana Tidung),  1570677635  ,  10/10/19  ,  Check  ,  Uncheck  ,  Uncheck  ,  Uncheck  ,  Uncheck  ,
80.,Jurnal Senopati (Sustainability  Ergonomics  Optimization  and Application of Industrial Engineering) (Institut Teknologi Adhi Tama Surabaya),  1570673915  ,  10/10/19  ,  Uncheck  ,  Uncheck  ,  Uncheck  ,  Uncheck  ,  Uncheck  ,
81.,Produk Domestik Regional Bruto Kabupaten Tana Tidung Menurut Lapangan Usaha (Badan Pusat Statistik Kabupaten Tana Tidung),  1570672270  ,  10/10/19  ,  Check  ,  Uncheck  ,  Uncheck  ,  Uncheck  ,  Uncheck  ,
82.,ICONSS Proceeding Series (Universitas Cokroaminoto Palopo  Fakultas Keguruan dan Ilmu Pendidikan),  1570669590  ,  10/10/19  ,  Check  ,  Uncheck  ,  Uncheck  ,  Uncheck  ,  Uncheck  ,
83.,Panyonara: Journal of English Education (Prodi Tadris Bahasa Inggris  Fakultas Tarbiyah  Institut Agama Islam Negeri Madura ),  1570669168  ,  10/10/19  ,  Check  ,  Uncheck  ,  Uncheck  ,  Uncheck  ,  Uncheck  ,
84.,Analisis Isu Terkini Perspektif Ekonomi Makro dan Sosial Provinsi Aceh (BPS Provinsi Aceh),  1570668178  ,  10/10/19  ,  Uncheck  ,  Uncheck  ,  Uncheck  ,  Uncheck  ,  Uncheck  ,
85.,Journal Studi Of Law Enforcement Based Reserarch (Sekolah Tinggi Ilmu Hukum Muhammad Thaha Tual),  1570664275  ,  10/10/19  ,  Check  ,  Uncheck  ,  Uncheck  ,  Uncheck  ,  Uncheck  ,
86.,International Journal of Islamic Economics and Civilization (Lembaga Penelitian dan Pemberdayaan Masyarakat Institut Agama Islam Tazkia),  1570662694  ,  10/10/19  ,  Uncheck  ,  Uncheck  ,  Uncheck  ,  Uncheck  ,  Uncheck  ,
87., Budimas (Jurnal Pengabdian Masyarakat) (LPPM STIE AAS Surakarta),  1570662100  ,  10/10/19  ,  Check  ,  Uncheck  ,  Uncheck  ,  Uncheck  ,  Uncheck  ,
88.,JESKaPe (Jurnal Ekonomi Syariah  Akuntansi dan Perbankan) (Fakultas Ekonomi dan Bisnis Islam  IAIN Lhokseumawe),  1570633676  ,  09/10/19  ,  Uncheck  ,  Uncheck  ,  Uncheck  ,  Uncheck  ,  Uncheck  ,
89.,Prosiding Seminar Nasional Kewirausahaan (Hasil Penelitian dan Pengabdian Kepada Masyarakat) (Universitas Muhammadiyah Sumatera Utara),  1570632300  ,  09/10/19  ,  Uncheck  ,  Uncheck  ,  Uncheck  ,  Uncheck  ,  Uncheck  ,
90.,Produk Domestik Regional Bruto Kabupaten Tana Tidung Menurut Lapangan Usaha 2014-2018 (Badan Pusat Statistik),  1570631260  ,  09/10/19  ,  Uncheck  ,  Uncheck  ,  Uncheck  ,  Uncheck  ,  Uncheck  ,
91.,CTRS-PTIK MAG (Center of Terorism and Radicalism Studies - Police Science College),  1570627412  ,  09/10/19  ,  Check  ,  Uncheck  ,  Uncheck  ,  Uncheck  ,  Uncheck  ,
92.,DINAMIKA INFORMATIKA (Fakultas Teknologi Informasi  Universitas Stikubank Semarang),  1570614739  ,  09/10/19  ,  Check  ,  Uncheck  ,  Uncheck  ,  Uncheck  ,  Uncheck  ,
93.,BRICommerce : Jurnal Ilmiah Ilmu Manajemen  Bisnis dan Keuangan (Institut Teknologi dan Bisnis Bank Rakyat Indonesia),  1570614088  ,  09/10/19  ,  Check  ,  Uncheck  ,  Uncheck  ,  Uncheck  ,  Uncheck  ,
94.,BRICommerce : Jurnal Ilmiah Ilmu Manajemen  Bisnis dan Keuangan (Institut Teknologi dan Bisnis Bank Rakyat Indonesia),  1570613145  ,  09/10/19  ,  Check  ,  Check  ,  Uncheck  ,  Uncheck  ,  Uncheck  ,
95.,Prosiding Seminar Nasional Ilmu Perpustakaan (SENASIP) (Jurusan Sastra Indonesia  Fakultas Sastra  Universitas Negeri Malang ),  1570610665  ,  09/10/19  ,  Uncheck  ,  Uncheck  ,  Uncheck  ,  Uncheck  ,  Uncheck  ,
96.,Produk Domestik Regional Bruto Kabupaten Tabalong Menurut Lapangan Usaha (Badan Pusat Statistik Kabupaten Tabalong),  1570608365  ,  09/10/19  ,  Uncheck  ,  Uncheck  ,  Uncheck  ,  Uncheck  ,  Uncheck  ,
97.,Produk Domestik Regional Bruto Kabupaten Tabalong Menurut Lapangan Usaha  (Badan Pusat Statistik Kabupaten Tabalong),  1570607991  ,  09/10/19  ,  Uncheck  ,  Uncheck  ,  Uncheck  ,  Uncheck  ,  Uncheck  ,
98.,DIKDASTIKA: Jurnal Pendidikan Ke-SD-an (IKIP PGRI Wates),  1570607395  ,  09/10/19  ,  Check  ,  Uncheck  ,  Uncheck  ,  Uncheck  ,  Uncheck  ,
99.,BRITech Jurnal Ilmiah Ilmu Komputer  Sains dan Teknologi Terapan (Institut Teknologi dan Bisnis Bank Rakyat Indonesia),  1570604141  ,  09/10/19  ,  Check  ,  Uncheck  ,  Uncheck  ,  Uncheck  ,  Uncheck  ,
100.,Jurnal PPKn Penelitian dan Pemikiran Pendidikan Pancasila dan Kewarganegaraan (Asosiasi Pendidik Pancasila &amp; Kewarganegaraan Indonesia (AP3KnI) Jawa Tengah),  1570603629  ,  09/10/19  ,  Check  ,  Uncheck  ,  Uncheck  ,  Uncheck  ,  Uncheck  ,
101.,Green Medical Journal (FAKULTAS KEDOKTERAN UMI MAKASSAR),  1570602813  ,  09/10/19  ,  Uncheck  ,  Uncheck  ,  Uncheck  ,  Uncheck  ,  Uncheck  ,
102.,JURNAL PENDIDIKAN (UNIVERSITAS VETERAN BANGUN NUSANTARA SUKOHARJO),  1570602311  ,  09/10/19  ,  Check  ,  Uncheck  ,  Uncheck  ,  Uncheck  ,  Uncheck  ,
103.,Statistik KOnstruksi Sulawesi Tenggara (Badan Pusat Statistik Provinsi Sulawesi Tenggara),  1570601494  ,  09/10/19  ,  Uncheck  ,  Uncheck  ,  Uncheck  ,  Uncheck  ,  Uncheck  ,
104.,Jurnal Ilmiah Az-Ziqri (Insitut Agama Islam Agus Salim Metro Lampung),  1570601419  ,  09/10/19  ,  Check  ,  Uncheck  ,  Uncheck  ,  Uncheck  ,  Uncheck  ,
105.,Jurnal Sosial Humaniora (JSH) (LPPM Universitas Jabal Ghafur Sigli),  1570597467  ,  09/10/19  ,  Check  ,  Uncheck  ,  Uncheck  ,  Uncheck  ,  Uncheck  ,
106.,DISASTRI : Jurnal Pendidikan Bahasa dan Sastra Indonesia  (Prodi Pendidikan Bahasa dan Sastra Indonesia),  1570596913  ,  09/10/19  ,  Check  ,  Uncheck  ,  Uncheck  ,  Uncheck  ,  Uncheck  ,
107.,Jurnal Idaaratul 'Ulum (Sekolah Tinggi Ilmu Tarbiyah (STIT) Misbahul Ulum Gumawang),  1570596388  ,  09/10/19  ,  Check  ,  Uncheck  ,  Uncheck  ,  Uncheck  ,  Uncheck  ,
108.,Scripta English Department Journal (Prodi Pendidikan Bahasa Inggris Universitas Muhammadiyah Purworejo),  1570595590  ,  09/10/19  ,  Uncheck  ,  Uncheck  ,  Uncheck  ,  Uncheck  ,  Uncheck  ,
109.,JURNAL MAKSIBISNIS (Universitas Quality Berastagi),  1570595370  ,  09/10/19  ,  Uncheck  ,  Uncheck  ,  Uncheck  ,  Uncheck  ,  Uncheck  ,
110.,Jurnal Misbahul Ulum (Sekolah Tinggi Ilmu Tarbiyah (STIT) Misbahul Ulum Gumawang),  1570594186  ,  09/10/19  ,  Check  ,  Uncheck  ,  Uncheck  ,  Uncheck  ,  Uncheck  ,
111.,MATHunesa (Jurusan Matematika FMIPA Unesa),  1570594144  ,  09/10/19  ,  Check  ,  Uncheck  ,  Uncheck  ,  Uncheck  ,  Uncheck  ,
112.,Alauddin Law Development Journal (ALDEV) (Fakultas Syariah dan Hukum  Universitas Islam Negeri Alauddin Makassar),  1570591029  ,  09/10/19  ,  Check  ,  Uncheck  ,  Uncheck  ,  Uncheck  ,  Uncheck  ,
113.,JURNAL KOMUNITAS BAHASA (PBSI FKIP UNA),  1570590639  ,  09/10/19  ,  Check  ,  Uncheck  ,  Uncheck  ,  Uncheck  ,  Uncheck  ,
114.,(Double) Siganus : Journal of Fisheries and Marine Science (Fakultas Peternakan dan Perikanan  Universitas Sulawesi Barat ),  1570590289  ,  09/10/19  ,  Check  ,  Uncheck  ,  Uncheck  ,  Uncheck  ,  Uncheck  ,
115.,ELECTRICES (Jurusan Teknik Elektro),  1570590152  ,  09/10/19  ,  Check  ,  Uncheck  ,  Uncheck  ,  Uncheck  ,  Uncheck  ,
116.,Prosiding Seminar Nasional Humaniora dan Saintek II (LPPM Universitas Borneo Tarakan),  1570589071  ,  09/10/19  ,  Check  ,  Uncheck  ,  Uncheck  ,  Uncheck  ,  Uncheck  ,
117.,Kabupaten Tebo Dalam Angka (BPS Kabupaten Tebo),  1570588560  ,  09/10/19  ,  Check  ,  Uncheck  ,  Uncheck  ,  Uncheck  ,  Uncheck  ,
118.,At-Tauzi' : Journal Ekonomi Islam (STEI HAMFARA),  1570588275  ,  09/10/19  ,  Uncheck  ,  Uncheck  ,  Uncheck  ,  Uncheck  ,  Uncheck  ,
119.,Prosiding Semnaskom Unram (Program Studi Ilmu Komunikasi Universitas Mataram),  1570586111  ,  09/10/19  ,  Check  ,  Uncheck  ,  Uncheck  ,  Uncheck  ,  Uncheck  ,
120.,Journal of Taxation Analysis and Review (Lembaga Penelitian dan Pengabdian Masyarakat – STIE Sutaatmadja),  1570550274  ,  08/10/19  ,  Uncheck  ,  Uncheck  ,  Uncheck  ,  Uncheck  ,  Uncheck  ,
121.,Journal of Taxation Analysis and Review (Lembaga Penelitian dan Pengabdian Masyarakat – STIE Sutaatmadja),  1570549372  ,  08/10/19  ,  Uncheck  ,  Uncheck  ,  Uncheck  ,  Uncheck  ,  Uncheck  ,
122.,Dimensia (Diskursus Ilmu Manajemen Stiesa) (Lembaga Penelitian dan Pengabdian Masyarakat – STIE Sutaatmadja),  1570547474  ,  08/10/19  ,  Check  ,  Uncheck  ,  Uncheck  ,  Uncheck  ,  Uncheck  ,
123.,Nusantara Journal of Economics (Universitas Teknologi Sumbawa),  1570544262  ,  08/10/19  ,  Check  ,  Uncheck  ,  Uncheck  ,  Uncheck  ,  Uncheck  ,
124.,Journal of Servite (Sekolah Tinggi Ilmu Komunikasi LSPR),  1570529146  ,  08/10/19  ,  Check  ,  Uncheck  ,  Uncheck  ,  Uncheck  ,  Uncheck  ,
125.,Majalah pariwisata indonesia (Pt. Prima visi kreasindo),  1570529039  ,  08/10/19  ,  Check  ,  Uncheck  ,  Uncheck  ,  Uncheck  ,  Uncheck  ,
126.,Jurnal Pengabdian Kepada Masyarakat Apikes Iris (Apikes Iris),  1570526574  ,  08/10/19  ,  Uncheck  ,  Uncheck  ,  Uncheck  ,  Uncheck  ,  Uncheck  ,
127.,Journal of Servite (Sekolah Tinggi Ilmu Komunikasi LSPR),  1570526304  ,  08/10/19  ,  Check  ,  Uncheck  ,  Uncheck  ,  Uncheck  ,  Uncheck  ,
128.,Oetoesan Hindia: Telaah Pemikiran Kebangsaan (Yayasan Rumah Peneleh),  1570525940  ,  08/10/19  ,  Check  ,  Uncheck  ,  Uncheck  ,  Uncheck  ,  Uncheck  ,
129.,Jurnal Jaring SainTek (Fakultas Teknik Universitas Bhayangkara Jakarta Raya),  1570525313  ,  08/10/19  ,  Uncheck  ,  Uncheck  ,  Uncheck  ,  Uncheck  ,  Uncheck  ,
130.,Lughawiyah: Journal of Arabic Education and Linguistics (IAIN Batusangkar),  1570523932  ,  08/10/19  ,  Check  ,  Uncheck  ,  Uncheck  ,  Uncheck  ,  Uncheck  ,
131.,DIKDASTIKA: Jurnal Pendidikan Ke-SD-an (IKIP PGRI Wates),  1570523097  ,  08/10/19  ,  Check  ,  Uncheck  ,  Uncheck  ,  Uncheck  ,  Uncheck  ,
132.,Lughawiyah: Journal of Arabic Education and Linguistics (IAIN Batusangkar),  1570520351  ,  08/10/19  ,  Check  ,  Uncheck  ,  Uncheck  ,  Uncheck  ,  Uncheck  ,
133.,Plakat : Jurnal Pelayanan Kepada Masyarakat (Fakultas Ilmu Sosial dan Ilmu Politik Universitas Mulawarman),  1570515853  ,  08/10/19  ,  Check  ,  Uncheck  ,  Uncheck  ,  Uncheck  ,  Uncheck  ,
134.,Jurnal Privat Law (Bagian Keperdataan Fakultas Hukum UNS),  1570515766  ,  08/10/19  ,  Uncheck  ,  Uncheck  ,  Uncheck  ,  Uncheck  ,  Uncheck  ,
135.,Jurnal Ilmiah Kedirgantaraan (Sekolah Tinggi Penerbangan AVIASI),  1570515271  ,  08/10/19  ,  Uncheck  ,  Uncheck  ,  Uncheck  ,  Uncheck  ,  Uncheck  ,
136.,PROTESI (Program Studi Teknik Sipil),  1570514670  ,  08/10/19  ,  Check  ,  Uncheck  ,  Uncheck  ,  Uncheck  ,  Uncheck  ,
137.,Bahana Pendidikan: Jurnal Pendidikan Sains (Program Studi Pendidikan FKIP Universitas Palangka Raya),  1570512134  ,  08/10/19  ,  Check  ,  Uncheck  ,  Uncheck  ,  Uncheck  ,  Uncheck  ,
138.,Jurnal Manajemen Sektor Publik (Lembaga Diklat dan Penelitian Kresna Bina Insan Prima),  1570510701  ,  08/10/19  ,  Check  ,  Uncheck  ,  Uncheck  ,  Uncheck  ,  Uncheck  ,
139.,Jurnal Manajemen Sektor Publik (Lembaga Diklat dan Penelitian Kresna Bina Insan Prima),  1570510339  ,  08/10/19  ,  Check  ,  Uncheck  ,  Uncheck  ,  Uncheck  ,  Uncheck  ,
140.,BEST: Journal of Applied Electrical  Science &amp; Technology  (Program Studi Teknik Elektro Universitas PGRI Adi Buana Surabaya),  1570509085  ,  08/10/19  ,  Check  ,  Uncheck  ,  Uncheck  ,  Uncheck  ,  Uncheck  ,
141.,Jurnal BERSINERGI (Berkontribusi Untuk Negeri)  (LP3M STKIP MUHAMAMDIYAH MUARA BUNGO),  1570508892  ,  08/10/19  ,  Uncheck  ,  Uncheck  ,  Uncheck  ,  Uncheck  ,  Uncheck  ,
142.,Prosiding Seminar Nasional Keperawatan (Program Studi Keperawatan  Universitas Muhammadiyah Surakarta),  1570507970  ,  08/10/19  ,  Check  ,  Uncheck  ,  Uncheck  ,  Uncheck  ,  Uncheck  ,
143.,Jurnal Seminar Nasional Informatika Unpad (Himpunan Mahasiswa Teknik Informatika FMIPA Universitas Padjadjaran),  1570507403  ,  08/10/19  ,  Uncheck  ,  Uncheck  ,  Uncheck  ,  Uncheck  ,  Uncheck  ,
144.,LEX ET SOCIETATIS (Bagian Hukum dan Masyarakat Fakultas Hukum Universitas Sam Ratulangi),  1570506907  ,  08/10/19  ,  Uncheck  ,  Uncheck  ,  Uncheck  ,  Uncheck  ,  Uncheck  ,
145.,International Journal of Informatics and Computation (Program Studi Teknik Informatika  Universitas Respati Yogyakarta),  1570506783  ,  08/10/19  ,  Check  ,  Uncheck  ,  Uncheck  ,  Uncheck  ,  Uncheck  ,
146.,LEX ADMINISTRATUM (Bagian Hukum Administrasi Fakultas Hukum Universitas Sam Ratulang),  1570506571  ,  08/10/19  ,  Uncheck  ,  Uncheck  ,  Uncheck  ,  Uncheck  ,  Uncheck  ,
147.,Asian Journal of Business and Entrepreneurship (School of Business - Indonesia International Institute for Life Sciences (i3L)),  1570506195  ,  08/10/19  ,  Check  ,  Uncheck  ,  Uncheck  ,  Uncheck  ,  Uncheck  ,
148.,Proceeding of International Conference on Education (Fakultas Keguruan dan Ilmu Pendidikan Universitas Muhammadiyah Purworejo),  1570504261  ,  08/10/19  ,  Uncheck  ,  Uncheck  ,  Uncheck  ,  Uncheck  ,  Uncheck  ,
149.,LEX PRIVATUM (Bagian Hukum Keperdataan Fakultas Hukum Universitas Sam Ratulangi),  1570503390  ,  08/10/19  ,  Uncheck  ,  Uncheck  ,  Uncheck  ,  Uncheck  ,  Uncheck  ,
150.,Sinnun Maxillofacial Journal (Fakultas Kedokteran Gigi Universitas Muslim Indonesia),  1570502827  ,  08/10/19  ,  Check  ,  Uncheck  ,  Uncheck  ,  Uncheck  ,  Uncheck  ,
151.,SOSED JURNAL (Magister Pendidikan Ilmu-Ilmu Sosial dan Pendidikan Sejarah Program Pascasarjana Universitas Tadulako.),  1570502382  ,  08/10/19  ,  Uncheck  ,  Uncheck  ,  Uncheck  ,  Uncheck  ,  Uncheck  ,
152.,EKSEKUSI (Journal Of Law) (Ilmu Hukum Fakultas Syari’ah dan Hukum Universitas Islam Negeri Sultan Syarif Kasim Riau),  1570496761  ,  08/10/19  ,  Check  ,  Uncheck  ,  Uncheck  ,  Uncheck  ,  Uncheck  ,
153.,Edukasia: Jurnal Ilmiah Dinas Pendidikan Kabupaten Tangerang (Dinas Pendidikan Kabupaten Tangerang),  1570469463  ,  08/10/19  ,  Check  ,  Uncheck  ,  Uncheck  ,  Uncheck  ,  Uncheck  ,
154.,PROSIDING SEMINAR NASIONAL ENERGI 2019 (Jurusan Teknik  Politeknik Negeri Jember),  1570460243  ,  07/10/19  ,  Check  ,  Uncheck  ,  Uncheck  ,  Uncheck  ,  Uncheck  ,
155.,Mitra Sains (Universitas Tadulako),  1570456590  ,  07/10/19  ,  Check  ,  Uncheck  ,  Uncheck  ,  Uncheck  ,  Uncheck  ,
156.,Jurnal Keperawatan dan Kebidanan (LPPM STIKES Dian Husada Mojokerto),  1570453432  ,  07/10/19  ,  Uncheck  ,  Uncheck  ,  Uncheck  ,  Uncheck  ,  Uncheck  ,
157.,ENHANCEMENT (Lembaga Penelitian dan Pengabdian STIKes Awal Bros Batam.),  1570441345  ,  07/10/19  ,  Check  ,  Uncheck  ,  Uncheck  ,  Uncheck  ,  Uncheck  ,
158.,Power Elektronik : Jurnal Orang Elektro (Politeknik Harapan Bersama Tegal),  1570437628  ,  07/10/19  ,  Uncheck  ,  Uncheck  ,  Uncheck  ,  Uncheck  ,  Uncheck  ,
159.,Jurnal Yudabbiru Administrasi Negara (Universitas Islam Kuantan Singingi),  1570434289  ,  07/10/19  ,  Uncheck  ,  Uncheck  ,  Uncheck  ,  Uncheck  ,  Uncheck  ,
160.,Jurnal Madinasika (Pascasarjana UNMA),  1570433471  ,  07/10/19  ,  Check  ,  Uncheck  ,  Uncheck  ,  Uncheck  ,  Uncheck  ,
161.,Progressive Law Review (Fakultas Hukum Universitas Bandar Lampung),  1570433073  ,  07/10/19  ,  Check  ,  Uncheck  ,  Uncheck  ,  Uncheck  ,  Uncheck  ,
162.,Jurnal Madinasika  (Pascasarjana UNMA),  1570432520  ,  07/10/19  ,  Check  ,  Uncheck  ,  Uncheck  ,  Uncheck  ,  Uncheck  ,
163.,Jurnal Pengabdian Dharma Bakti (Pusat Penelitian dan Pengabdian Masyarakat Universitas Respati Yogyakarta),  1570431571  ,  07/10/19  ,  Uncheck  ,  Uncheck  ,  Uncheck  ,  Uncheck  ,  Uncheck  ,
164.,JURNAL DIALOGIKA (Pascasarjana UNMA),  1570431349  ,  07/10/19  ,  Check  ,  Uncheck  ,  Uncheck  ,  Uncheck  ,  Uncheck  ,
165.,Jurnal Abdi Masyarakat Humanis  (LPPM Universitas Pamulang),  1570431283  ,  07/10/19  ,  Check  ,  Check  ,  Check  ,  Uncheck  ,  Uncheck  ,
166.,Mobile and Forensics (Magister Teknik Informatika),  1570430308  ,  07/10/19  ,  Check  ,  Uncheck  ,  Uncheck  ,  Uncheck  ,  Uncheck  ,
167.,Jurnal Abdi Masyarakat Humanis  (LPPM Universitas Pamulang),  1570429712  ,  07/10/19  ,  Check  ,  Check  ,  Check  ,  Check  ,  2686-1712  ,
168.,Signal and Image Processing Letters (Association for Scientic Computing and Electronics  Engineering (ASCEE) ),  1570425271  ,  07/10/19  ,  Check  ,  Uncheck  ,  Uncheck  ,  Uncheck  ,  Uncheck  ,
169.,Signal and Image Processing Letters (Association for Scientic Computing and Electronics  Engineering (ASCEE) ),  1570424570  ,  07/10/19  ,  Check  ,  Uncheck  ,  Uncheck  ,  Uncheck  ,  Uncheck  ,
170.,MAQOSIDUNA  (Juornal Fakultas Tarbiyah IAI Nazhatut Thullab) (Institut  Agama Islam (IAI) Nazhatut Thullab Sampang  Madura),  1570422767  ,  07/10/19  ,  Uncheck  ,  Uncheck  ,  Uncheck  ,  Uncheck  ,  Uncheck  ,
171.,Pelangi Nusantara (PT. Pelangi Nusantara Indika Pratama),  1570422325  ,  07/10/19  ,  Check  ,  Uncheck  ,  Uncheck  ,  Uncheck  ,  Uncheck  ,
172.,SYIFA MAGZ (RSU Syifa Medika Banjarbaru ),  1570418496  ,  07/10/19  ,  Check  ,  Uncheck  ,  Uncheck  ,  Uncheck  ,  Uncheck  ,
173.,JURNAL ABDI LAKSANA (Lembaga Penelitian dan Pengabdian Kepada Masyarakat),  1570417773  ,  07/10/19  ,  Check  ,  Uncheck  ,  Uncheck  ,  Uncheck  ,  Uncheck  ,
174.,Jurnal Informatika Ekonomi Bisnis (Universitas Putra Indonesia YPTK Padang),  1570413673  ,  07/10/19  ,  Check  ,  Uncheck  ,  Uncheck  ,  Uncheck  ,  Uncheck  ,
175.,BRITech : Jurnal Ilmiah Ilmu Komputer  Sains dan Teknologi Terapan (Institut Teknologi dan Bisnis Bank Rakyat Indonesia),  1570412483  ,  07/10/19  ,  Check  ,  Check  ,  Uncheck  ,  Uncheck  ,  Uncheck  ,
176.,Pulikasi Riset Mahasiswa Akuntansi (PRIMA) (STIE Multi Data  Palembang),  1570411143  ,  07/10/19  ,  Uncheck  ,  Uncheck  ,  Uncheck  ,  Uncheck  ,  Uncheck  ,
177.,VEGATA (SMPN Negeri 5 Palu),  1570405174  ,  07/10/19  ,  Uncheck  ,  Uncheck  ,  Uncheck  ,  Uncheck  ,  Uncheck  ,
178.,Prosiding Seminar Ilmiah Masjid (Yayasan Pembina Masjid Salman Institut Teknologi Bandung),  1570339846  ,  06/10/19  ,  Check  ,  Check  ,  Check  ,  Check  ,  2686-5513  ,
179.,Indonesia Accounting Journal (Universitas Sam Ratulangi),  1570339683  ,  06/10/19  ,  Check  ,  Uncheck  ,  Uncheck  ,  Uncheck  ,  Uncheck  ,
180.,Indonesia Accounting Journal (Universitas Sam Ratulangi),  1570339330  ,  06/10/19  ,  Check  ,  Uncheck  ,  Uncheck  ,  Uncheck  ,  Uncheck  ,
181.,PURNAMA BERAZAM (Universitas Karimun),  1570291703  ,  05/10/19  ,  Check  ,  Uncheck  ,  Uncheck  ,  Uncheck  ,  Uncheck  ,
182.,Prosiding Seminar Nasional Energi  (Jurusan Teknik  Politeknik Negeri Jember),  1570279243  ,  05/10/19  ,  Check  ,  Check  ,  Check  ,  Uncheck  ,  Uncheck  ,
183.,acehimage.com (PT. ATRA MEDIA TRANSFORMASI),  1570256344  ,  05/10/19  ,  Uncheck  ,  Uncheck  ,  Uncheck  ,  Uncheck  ,  Uncheck  ,
184.,Sawerigading Journal Of Advance Research (LPPM UNSA Universitas Sawerigading),  1570256222  ,  05/10/19  ,  Uncheck  ,  Uncheck  ,  Uncheck  ,  Uncheck  ,  Uncheck  ,
185.,Sawerigading Journal of Sosiology (Program Studi Sosiologi Fakultas Ilmu Sosial dan Ilmu Politik Universitas Sawerigading),  1570256157  ,  05/10/19  ,  Uncheck  ,  Uncheck  ,  Uncheck  ,  Uncheck  ,  Uncheck  ,
186.,Sawerigading Law Review (Studi Imu Hukum Fakultas Hukum Universitas Sawerigading Makassar),  1570255581  ,  05/10/19  ,  Uncheck  ,  Uncheck  ,  Uncheck  ,  Uncheck  ,  Uncheck  ,
187.,Sawerigading Jurnal Of Community Engagemen (LPPM Unsa),  1570255468  ,  05/10/19  ,  Uncheck  ,  Uncheck  ,  Uncheck  ,  Uncheck  ,  Uncheck  ,
188.,Educreative : Jurnal Pendidikan Kreativitas Anak (Pusat Studi Pendidikan dan Kreativitas Anak),  1570254834  ,  05/10/19  ,  Uncheck  ,  Uncheck  ,  Uncheck  ,  Uncheck  ,  Uncheck  ,
189.,sawerigading engineering journal  (program studi Teknik Elektro Fakultas Teknik Universitas Sawerigading.),  1570254821  ,  05/10/19  ,  Uncheck  ,  Uncheck  ,  Uncheck  ,  Uncheck  ,  Uncheck  ,
190.,Sawerigading Journal of Mathematics Education (Program Studi Pendidikan Matematika Fakultas Keguruan dan Ilmu Pendidikan Universitas Sawerigading ),  1570254690  ,  05/10/19  ,  Uncheck  ,  Uncheck  ,  Uncheck  ,  Uncheck  ,  Uncheck  ,
191.,Sawerigading  Journal of Public Administration (Program Studi Administrasi Publik Fakultas Ilmu Sosial dan Ilmu Politik Universitas Sawerigading),  1570254641  ,  05/10/19  ,  Uncheck  ,  Uncheck  ,  Uncheck  ,  Uncheck  ,  Uncheck  ,
192.,Sawerigading Journal of English Literature (Program Studi Sastra Inggris Fakultas Sastra Universitas Sawerigading),  1570254588  ,  05/10/19  ,  Uncheck  ,  Uncheck  ,  Uncheck  ,  Uncheck  ,  Uncheck  ,
193.,Sawerigading Journal of Indonesian Literature (Program Studi Pendidikan Bahasa dan Sastra Indonesia  Fakultas Keguruan dan Ilmu Pendidikan Universitas Sawerigading),  1570254568  ,  05/10/19  ,  Uncheck  ,  Uncheck  ,  Uncheck  ,  Uncheck  ,  Uncheck  ,
194.,Sawerigading Journal of Indonesian Literature (Program Studi Pendidikan Bahasa dan Sastra Indonesia  Fakultas Keguruan dan Ilmu Pendidikan Universitas Sawerigading),  1570254568  ,  05/10/19  ,  Uncheck  ,  Uncheck  ,  Uncheck  ,  Uncheck  ,  Uncheck  ,
195.,Sawerigading Journal of English Education (Pendidikan Bahasa Inggris  Fakultas Sastra Universitas Sawerigading),  1570254564  ,  05/10/19  ,  Uncheck  ,  Uncheck  ,  Uncheck  ,  Uncheck  ,  Uncheck  ,
196.,Sawerigading Journal of English Education (Pendidikan Bahasa Inggris  Fakultas Sastra Universitas Sawerigading),  1570254564  ,  05/10/19  ,  Uncheck  ,  Uncheck  ,  Uncheck  ,  Uncheck  ,  Uncheck  ,
197.,Jurnal Bidan Cerdas (Jurusan Kebidanan Poltekkes Kemenkes Palu),  1570245556  ,  05/10/19  ,  Uncheck  ,  Uncheck  ,  Uncheck  ,  Uncheck  ,  Uncheck  ,
198.,Jurnal Partisipatoris (Universitas Muhammadiyah Malang),  1570240801  ,  05/10/19  ,  Check  ,  Uncheck  ,  Uncheck  ,  Uncheck  ,  Uncheck  ,
199.,Jurnal Ilmiah Kanderang Tingang (FKIP Universitas Palangka Raya),  1570206021  ,  04/10/19  ,  Uncheck  ,  Uncheck  ,  Uncheck  ,  Uncheck  ,  Uncheck  ,
200.,Jurnal Pendidikan Kimia (FKIP),  1570205318  ,  04/10/19  ,  Uncheck  ,  Uncheck  ,  Uncheck  ,  Uncheck  ,  Uncheck  ,
201.,Jurnal Rekayasa Infrastruktur (Universitas Wiralodra),  1570197893  ,  04/10/19  ,  Check  ,  Check  ,  Check  ,  Uncheck  ,  Uncheck  ,
202.,Majalah Pesantren Muara (Pondok Pesantren Annuqayah),  1570193911  ,  04/10/19  ,  Check  ,  Uncheck  ,  Uncheck  ,  Uncheck  ,  Uncheck  ,
203.,Jurnal Publikasi Program Kreativitas Mahasiswa  (Direktorat Kemahasiswaan  Direktorat Jenderal Pembelajaran dan Kemahasiswaan  Kementerian Riset  Teknologi  dan Pendidikan Tinggi),  1570185040  ,  04/10/19  ,  Uncheck  ,  Uncheck  ,  Uncheck  ,  Uncheck  ,  Uncheck  ,
204.,Tarbiyah Wa Ta'lim: Jurnal Penelitian Pendidikan dan Pembelajaran (Institut Agama Islam Negeri (IAIN) Samarinda),  1570179680  ,  04/10/19  ,  Check  ,  Uncheck  ,  Uncheck  ,  Uncheck  ,  Uncheck  ,
205., 	Iqtisodina : Jurnal Ekonomi Syariah dan Hukum Islam (Sekolah Tinggi Agama Islam Nazhatut Thullab Sampang  Madura),  1570179556  ,  04/10/19  ,  Check  ,  Uncheck  ,  Uncheck  ,  Uncheck  ,  Uncheck  ,
206.,Jurnal Akademi Akuntansi (JAA) (Program Studi Akuntansi Universitas Muhammadiyah Malang),  1570176542  ,  04/10/19  ,  Check  ,  Check  ,  Check  ,  Uncheck  ,  Uncheck  ,
207.,PUBLIKASI RISET MAHASISWA MANAJEMEN  (PRMM) STIE MULTI DATA PALEMBANG (STIE MULI DATA PALEMBANG),  1570175627  ,  04/10/19  ,  Check  ,  Uncheck  ,  Uncheck  ,  Uncheck  ,  Uncheck  ,
208.,Magazine Isafety (Safety  Health and Environment) (Yayasan Pengembangan Keselamatan Prosafera),  1570171397  ,  04/10/19  ,  Check  ,  Check  ,  Check  ,  Check  ,  2686-5394  ,
209.,Naratif : Jurnal Nasional Riset  Aplikasi dan Teknik Informatika (Sekolah Tinggi Teknologi Bandung),  1570161527  ,  04/10/19  ,  Check  ,  Check  ,  Check  ,  Uncheck  ,  Uncheck  ,
210.,Buletin Ilmiah Impas (Universitas Nusa Cendana Kupang),  1570159305  ,  04/10/19  ,  Check  ,  Check  ,  Check  ,  Uncheck  ,  Uncheck  ,
211.,Indonesian Government Journal (Program Studi Ilmu Pemerintahan  Universitas Pancasakti Tegal),  1570159046  ,  04/10/19  ,  Uncheck  ,  Uncheck  ,  Uncheck  ,  Uncheck  ,  Uncheck  ,
212.,Padjadjaran Acute Care Nursing Journal (PACNJ) (Universitas Padjadjaran),  1570158416  ,  04/10/19  ,  Check  ,  Uncheck  ,  Uncheck  ,  Uncheck  ,  Uncheck  ,
213.,Journal Nurshing Army (JNA) (Akademi Keperawatan Kesdam VI/Tanjungpura Banjarmasin),  1570153823  ,  04/10/19  ,  Check  ,  Uncheck  ,  Uncheck  ,  Uncheck  ,  Uncheck  ,
214.,Maladum Meteomaps (Stasiun Meteorologi Kelas I Domine Eduard Osok  Sorong  Papua Barat),  1570153349  ,  04/10/19  ,  Check  ,  Uncheck  ,  Uncheck  ,  Uncheck  ,  Uncheck  ,
215.,Stannum : Jurnal Sains dan Terapan Kimia (Jurusan Kimia Universitas Bangka Belitung),  1570153332  ,  04/10/19  ,  Check  ,  Uncheck  ,  Uncheck  ,  Uncheck  ,  Uncheck  ,
216.,BAITUL HIKMAH: Jurnal Perpustakaan dan Kepustakawanan (Perpustakaan UIN Sulthan Thaha Saifuddin Jambi),  1570153041  ,  04/10/19  ,  Uncheck  ,  Uncheck  ,  Uncheck  ,  Uncheck  ,  Uncheck  ,
217.,JETLE Journal of English Language Teaching and Learning (Universitas Islam Negeri Maulana Malik Ibrahim Malang),  1570153040  ,  04/10/19  ,  Check  ,  Uncheck  ,  Uncheck  ,  Uncheck  ,  Uncheck  ,
218.,Jurnal Inovasi Kesehatan (Sekolah Tinggi Ilmu Kesehatan Papua),  1570147496  ,  04/10/19  ,  Uncheck  ,  Uncheck  ,  Uncheck  ,  Uncheck  ,  Uncheck  ,
219.,Community Education Engagement Journal (Universitas Islam Riau),  1570113198  ,  03/10/19  ,  Check  ,  Check  ,  Check  ,  Uncheck  ,  Uncheck  ,
220.,Prosiding Seminar Nasional Kesehatan Poltekkes Kemenkes Surabaya (Poltekkes Kemenkes Surabaya),  1570112759  ,  03/10/19  ,  Check  ,  Uncheck  ,  Uncheck  ,  Uncheck  ,  Uncheck  ,
221.,SEMNAS-PKM: Seminar Nasional Pengabdian Kepada Masyarakat (LPPM Universitas Lancang Kuning),  1570109648  ,  03/10/19  ,  Uncheck  ,  Uncheck  ,  Uncheck  ,  Uncheck  ,  Uncheck  ,
222.,Jurnal Akuntansi dan Perpajakan Jayakarta  (Sekolah Tinggi Ilmu Ekonomi Jayakarta),  1570099360  ,  03/10/19  ,  Check  ,  Check  ,  Check  ,  Uncheck  ,  Uncheck  ,
223.,Kabupaten Merangin Dalam Angka (BPS Kabupaten Merangin),  1570092713  ,  03/10/19  ,  Check  ,  Uncheck  ,  Uncheck  ,  Uncheck  ,  Uncheck  ,
224.,Power Elektronik : Jurnal Orang Elektro (Politeknik Harapan Bersama Tegal),  1570089077  ,  03/10/19  ,  Uncheck  ,  Uncheck  ,  Uncheck  ,  Uncheck  ,  Uncheck  ,
225.,Jurnal Minda (Universitas Karimun),  1570087586  ,  03/10/19  ,  Check  ,  Uncheck  ,  Uncheck  ,  Uncheck  ,  Uncheck  ,
226.,Prosiding International Seminar on Global Health (Sekolah Tinggi Ilmu Kesehatan Jenderal Achmad Yani Cimahi),  1570082242  ,  03/10/19  ,  Check  ,  Check  ,  Check  ,  Uncheck  ,  Uncheck  ,
227.,Jurnal Inovasi Pendidikan Matematika (JIPM) (Universitas Muhammadiyah Purworejo),  1570079228  ,  03/10/19  ,  Check  ,  Check  ,  Check  ,  Uncheck  ,  Uncheck  ,
228.,PENGARUH PEMAHAMAN DAN MINAT MAHASISWA JURUSAN ASURANSI  TERHADAP PERMINTAAN KEAGENAN (Studi di Fakultas Ekonomi dan Bisnis Islam IAIN “ SMH” Banten) (stei al amar),  1570076351  ,  03/10/19  ,  Uncheck  ,  Uncheck  ,  Uncheck  ,  Uncheck  ,  Uncheck  ,
229.,Jurnal Mahasiswa Sistem Informasi (Prodi D3 Sistem Informasi),  1570076162  ,  03/10/19  ,  Uncheck  ,  Uncheck  ,  Uncheck  ,  Uncheck  ,  Uncheck  ,
230.,PENGARUH BOPO DAN NON PERFORMING LOAN (NPL) TERHADAP RETURN ON ASSET (ROA) PT. BPR TATA ASIA TAHUN 2012–2016.  Oleh: Udin Wahrudin (stei al amar),  1570075823  ,  03/10/19  ,  Uncheck  ,  Uncheck  ,  Uncheck  ,  Uncheck  ,  Uncheck  ,
231.,Gewang: Gerbang Wacana dan Rancang Arsitektur (Program Studi Arsitektur  Fakultas Sains dan Teknik  Universitas Nusa Cendana),  1570075782  ,  03/10/19  ,  Check  ,  Check  ,  Uncheck  ,  Uncheck  ,  Uncheck  ,
232.,PENGARUH KEPUASAN KERJA DAN BEBAN KERJA TERHADAP KINERJA KARYAWAN PARIS DAY HOTEL PAMANAUKAN SUBANG (stei al amar),  1570075492  ,  03/10/19  ,  Uncheck  ,  Uncheck  ,  Uncheck  ,  Uncheck  ,  Uncheck  ,
233.,TABUR CAHAYA SIBGHAH (TCS) SEBUAH PEMBELAJARAN PAI TERPADU DALAM PEMBENTUKAN KARAKTER SISWA-SISWI DI SMP AL-QURAN MA’RIFATUSSALAAM DAWUAN SUBANG (stei al amar),  1570074946  ,  03/10/19  ,  Uncheck  ,  Uncheck  ,  Uncheck  ,  Uncheck  ,  Uncheck  ,
234.,Annual Conference of Management Challenges (Fakultas Ekonomi Universitas Negeri Yogyakarta),  1570074905  ,  03/10/19  ,  Uncheck  ,  Uncheck  ,  Uncheck  ,  Uncheck  ,  Uncheck  ,
235.,KORELASI PENGGUNAAN METODE THINK TALK WRITE DAN MEDIA AUDIOVISUAL TERHADAP  MOTIVASI BELAJAR SISWA PADA MATA PELAJARAN PAI (Penelitian Pada Siswa Kelas VIII Yayasan SMP AlQur’an Ma’rifatussalam Kabupaten Subang) (stei al amar),  1570074709  ,  03/10/19  ,  Uncheck  ,  Uncheck  ,  Uncheck  ,  Uncheck  ,  Uncheck  ,
236.,PERAN EKONOMI SYARIAH DALAM MENINGKATKAN KUALITAS HIDUP MASYARAKAT (stei al amar),  1570074258  ,  03/10/19  ,  Uncheck  ,  Uncheck  ,  Uncheck  ,  Uncheck  ,  Uncheck  ,
237.,Jurnal STIP Graha Karya (STIP Graha Karya Muara Bulian  Jambi),  1570074134  ,  03/10/19  ,  Uncheck  ,  Uncheck  ,  Uncheck  ,  Uncheck  ,  Uncheck  ,
238.,IMPLEMENTASI SISTEM PENJAMINAN MUTU INTERNAL (SPMI) SEBAGAI UPAYA MENINGKATKAN MUTU PERGURUAN TINGGI (stei al amar),  1570074022  ,  03/10/19  ,  Uncheck  ,  Uncheck  ,  Uncheck  ,  Uncheck  ,  Uncheck  ,
239.,EKONOMI SYARIAH DAN PERANANNYA DALAM MENINGKATKAN KESEJAHTERAAN MASYARAKAT (stei al amar),  1570073673  ,  03/10/19  ,  Uncheck  ,  Uncheck  ,  Uncheck  ,  Uncheck  ,  Uncheck  ,
240.,Proceedings International Seminar Universitas Tulungagung (Universitas Tulungagung),  1570073523  ,  03/10/19  ,  Check  ,  Check  ,  Check  ,  Uncheck  ,  Uncheck  ,
241.,PENGEMBANGAN DESA WISATA BERBASIS EKONOMI SYARIAH DALAM MENINGKATKAN PENGHASILAN MASYARAKAT (stei al amar),  1570073459  ,  03/10/19  ,  Uncheck  ,  Uncheck  ,  Uncheck  ,  Uncheck  ,  Uncheck  ,
242.,PERAN SOSIALISASI PRODUK SYARIAH DALAM MENINGKATKAN BUDAYA EKONOMI SYARIAH MASYARAKAT (stei al amar),  1570073004  ,  03/10/19  ,  Uncheck  ,  Uncheck  ,  Uncheck  ,  Uncheck  ,  Uncheck  ,
243.,PERAN PRODUK SYARIAH DALAM MENINGKATKAN MINAT MENABUNG UMAT ISLAM (stei al amar),  1570072788  ,  03/10/19  ,  Uncheck  ,  Uncheck  ,  Uncheck  ,  Uncheck  ,  Uncheck  ,
244.,PERAN HOTEL SYARIAH DALAM MENINGKATKAN BUDAYA ISLAM DI MASYARAKAT (stei al amar),  1570072183  ,  03/10/19  ,  Uncheck  ,  Uncheck  ,  Uncheck  ,  Uncheck  ,  Uncheck  ,
245.,Journal of Islamic Accounting and Finance Research (Universitas Islam Negeri Walisongo Semarang),  1570071931  ,  03/10/19  ,  Check  ,  Check  ,  Check  ,  Uncheck  ,  Uncheck  ,
246.,Journal of Islamic Accounting and Finance Research (Universitas Islam Negeri Walisongo Semarang),  1570071387  ,  03/10/19  ,  Check  ,  Check  ,  Check  ,  Uncheck  ,  Uncheck  ,
247.,EET (Electrical Engineering Journal) (Universitas Nurul Jadid),  1570070852  ,  03/10/19  ,  Check  ,  Uncheck  ,  Uncheck  ,  Uncheck  ,  Uncheck  ,
248.,Al-Azkiya (Jurusan Pendidikan Guru Madrasah Ibtidaiyah  Institut Agama Islam Negeri ),  1570070446  ,  03/10/19  ,  Uncheck  ,  Uncheck  ,  Uncheck  ,  Uncheck  ,  Uncheck  ,
249.,EET (Electrical Engineering Journal) (Prodi Teknik Elektro Universitas Nurul Jadid),  1570070215  ,  03/10/19  ,  Check  ,  Uncheck  ,  Uncheck  ,  Uncheck  ,  Uncheck  ,
250.,SIMPLEX (FEB Universitas Muhammadiyah Metro),  1570069148  ,  03/10/19  ,  Uncheck  ,  Uncheck  ,  Uncheck  ,  Uncheck  ,  Uncheck  ,
251.,AKTIVA (Prodi Akuntansi FEB Universitas Muhammadiyah Metro),  1570068560  ,  03/10/19  ,  Uncheck  ,  Uncheck  ,  Uncheck  ,  Uncheck  ,  Uncheck  ,
252.,Hospitalia (RSUP dr Soeradji Tirtonegoro klaten),  1570068250  ,  03/10/19  ,  Check  ,  Check  ,  Check  ,  Uncheck  ,  Uncheck  ,
253.,Eksekusi : Journal Of Law (Universitas Islam Negeri Sultan Syarif Kasim Riau),  1570067883  ,  03/10/19  ,  Check  ,  Check  ,  Check  ,  Uncheck  ,  Uncheck  ,
254.,Tinjauan Ekonomi Provinsi Jawa Barat (Badan Pusat Statistik Provinsi Jawa Barat),  1570067614  ,  03/10/19  ,  Check  ,  Uncheck  ,  Uncheck  ,  Uncheck  ,  Uncheck  ,
255.,Jurnal Konselor Milenial (Prodi Bimbingan dan Konseling FKIP Universitas Muhammadiyah Metro),  1570067591  ,  03/10/19  ,  Uncheck  ,  Uncheck  ,  Uncheck  ,  Uncheck  ,  Uncheck  ,
256.,Sandyakala : Prosiding Seminar Nasional Seni  Kriya  dan Desain (Institut Seni Indonesia Denpasar),  1570067388  ,  03/10/19  ,  Check  ,  Uncheck  ,  Uncheck  ,  Uncheck  ,  Uncheck  ,
257.,Info Kajang (Dramedia Simbur Pustaka),  1570029415  ,  02/10/19  ,  Check  ,  Check  ,  Check  ,  Uncheck  ,  Uncheck  ,
258.,Jurnal Permadi : Perancangan  Manufaktur  Material  dan Energi (Universitas Nusa Putra),  1570009926  ,  02/10/19  ,  Check  ,  Check  ,  Check  ,  Uncheck  ,  Uncheck  ,
259.,Jurnal Permadi : Perancangan  Manufaktur  Material  dan Energi (Universitas Nusa Putra),  1570009587  ,  02/10/19  ,  Check  ,  Check  ,  Check  ,  Uncheck  ,  Uncheck  ,
260.,Al-Lubb: Journal of Islamic Thought and Muslim Culture (IJITMC) (Universitas Islam Negeri Sumatera Utara),  1570009349  ,  02/10/19  ,  Check  ,  Check  ,  Check  ,  Uncheck  ,  Uncheck  ,
261.,Jurnal Riset Sistem Informasi dan Teknologi Informasi (JURSISTEKNI) (Universitas Nusa Putra),  1570009270  ,  02/10/19  ,  Check  ,  Check  ,  Check  ,  Uncheck  ,  Uncheck  ,
262.,Jurnal Riset Sistem Informasi dan Teknologi Informasi (JURSISTEKNI) (Universitas Nusa Putra),  1570008820  ,  02/10/19  ,  Check  ,  Check  ,  Check  ,  Uncheck  ,  Uncheck  ,
263.,CandraRupa : Journal of Art  Design  and Media (Universitas Dinamika Surabaya),  1570006838  ,  02/10/19  ,  Check  ,  Uncheck  ,  Uncheck  ,  Uncheck  ,  Uncheck  ,
264.,Jurnal Nutrisi Ternak Tropis (JNT) (Universitas Brawijaya),  1570005976  ,  02/10/19  ,  Check  ,  Check  ,  Check  ,  Uncheck  ,  Uncheck  ,
265.,Jurnal IPTEK (Jurnal Teknik Informatika) (Universitas Nurul Jadid),  1570004178  ,  02/10/19  ,  Check  ,  Uncheck  ,  Uncheck  ,  Uncheck  ,  Uncheck  ,
266.,Indeks Harga Konsumen Kota Palangka Raya (Badan Pusat Statistik Kota Palangka Raya),  1570002054  ,  02/10/19  ,  Check  ,  Uncheck  ,  Uncheck  ,  Uncheck  ,  Uncheck  ,
267.,Info Bibliotheca: Jurnal Perpustakaan dan Ilmu Informasi (Universitas Negeri Padang),  1570002009  ,  02/10/19  ,  Check  ,  Uncheck  ,  Uncheck  ,  Uncheck  ,  Uncheck  ,
268.,Jurnal Aspirasi (FISIP Universitas Wiralodara),  1570001643  ,  02/10/19  ,  Check  ,  Check  ,  Check  ,  Uncheck  ,  Uncheck  ,
269.,PENGEMBANGAN EKONOMI MASJID DALAM RANGKA MENINGKATKAN KESEJAHTERAAN UMAT (stei al amar),  1570001446  ,  02/10/19  ,  Uncheck  ,  Uncheck  ,  Uncheck  ,  Uncheck  ,  Uncheck  ,
270.,Power Elektronik : Jurnal Orang Elektro (Politeknik Harapan Bersama Tegal),  1570000649  ,  02/10/19  ,  Uncheck  ,  Uncheck  ,  Uncheck  ,  Uncheck  ,  Uncheck  ,
271.,Bieduca : Journal of Biology Education (Program Studi Pendidikan Biologi  Fakultas Sains dan Teknologi  UIN Walisongo),  1569998913  ,  02/10/19  ,  Uncheck  ,  Uncheck  ,  Uncheck  ,  Uncheck  ,  Uncheck  ,
272.,Jurnal Repositor (Universitas Muhammadiyah Malang),  1569997946  ,  02/10/19  ,  Check  ,  Uncheck  ,  Uncheck  ,  Uncheck  ,  Uncheck  ,
273.,Jurnal Repositor (Universitas Muhammadiyah Malang),  1569997803  ,  02/10/19  ,  Check  ,  Check  ,  Check  ,  Uncheck  ,  Uncheck  ,
274.,Prosiding Konferensi Nasional Hukum Acara Perdata (Asosiasi Dosen Hukum Acara Perdata (Adhaper)),  1569996571  ,  02/10/19  ,  Check  ,  Check  ,  Check  ,  Uncheck  ,  Uncheck  ,
275.,Jurnal Matematika Thales (Universitas Gadjah Mada),  1569996158  ,  02/10/19  ,  Check  ,  Uncheck  ,  Uncheck  ,  Uncheck  ,  Uncheck  ,
276.,Alkamagz (SD IT Muhammadiyah Al-Kautsar Kartasura),  1569992324  ,  02/10/19  ,  Check  ,  Check  ,  Check  ,  Uncheck  ,  Uncheck  ,
277.,SEIRAMA  (Humas Bagian Informasi dan Komunikasi MTs Negeri 1 Serang),  1569989801  ,  02/10/19  ,  Check  ,  Uncheck  ,  Uncheck  ,  Uncheck  ,  Uncheck  ,
278.,Journal of Lombok Tourism Archipelago (Politeknik Pariwisata Lombok),  1569988247  ,  02/10/19  ,  Check  ,  Uncheck  ,  Uncheck  ,